類型,杆,開始,結束,持續_小時,嚴重度,最可疑特徵,平均人流,優先度分數
模型警報,SCCP-SP-02,2026-02-27 23:45:00,2026-02-28 00:00:00,0.25,21.8,未計量用電偏高,9.0,23.88
模型警報,SCCP-SP-02,2026-02-21 23:45:00,2026-02-22 00:30:00,0.5,11.44,未計量用電偏高,4.0,11.93
模型警報,SCCP-SP-02,2026-02-15 14:45:00,2026-02-15 15:15:00,0.5,5.01,數位看板偏高,106.0,10.02
模型警報,SCCP-SP-02,2026-02-23 06:30:00,2026-02-23 12:15:00,5.5,5.35,數位看板偏高,8.8,5.85
模型警報,SCCP-SP-07,2026-02-25 13:45:00,2026-02-25 14:00:00,0.25,3.08,未計量用電偏低,76.0,5.58
模型警報,SCCP-SP-02,2026-02-27 13:30:00,2026-02-27 14:00:00,0.5,2.41,總功率偏高,131.0,4.81
模型警報,SCCP-SP-02,2026-02-26 09:15:00,2026-02-26 11:00:00,1.5,3.24,數位看板偏高,13.7,3.72
模型警報,SCCP-SP-02,2026-02-09 10:30:00,2026-02-09 12:00:00,1.5,3.0,總功率偏高,18.0,3.58
模型警報,SCCP-SP-02,2026-02-20 17:15:00,2026-02-20 17:30:00,0.25,1.6,燈控與路燈功率落差偏低,166.0,3.2
模型警報,SCCP-SP-07,2026-02-23 08:15:00,2026-02-23 10:15:00,2.0,2.36,未計量用電偏高,25.6,3.01
模型警報,SCCP-SP-07,2026-02-27 11:15:00,2026-02-27 12:45:00,1.5,1.44,數位看板偏高,92.3,2.86
模型警報,SCCP-SP-02,2026-02-16 12:45:00,2026-02-16 13:30:00,0.5,2.2,總功率偏高,26.5,2.81
模型警報,SCCP-SP-02,2026-02-23 13:45:00,2026-02-23 14:00:00,0.25,2.15,未計量用電偏高,26.0,2.75
模型警報,SCCP-SP-02,2026-02-10 07:15:00,2026-02-10 09:45:00,2.25,2.51,數位看板偏高,8.4,2.73
模型警報,SCCP-SP-02,2026-02-12 14:45:00,2026-02-12 15:15:00,0.5,1.55,數位看板偏高,63.5,2.6
模型警報,SCCP-SP-07,2026-02-15 14:15:00,2026-02-15 16:00:00,1.5,1.37,數位看板偏高,83.5,2.59
模型警報,SCCP-SP-10,2026-02-18 17:30:00,2026-02-18 20:30:00,2.75,2.38,路燈迴路偏高,8.3,2.59
模型警報,SCCP-SP-07,2026-02-22 15:00:00,2026-02-22 16:00:00,1.0,1.29,數位看板偏高,122.2,2.58
模型警報,SCCP-SP-01,2026-02-13 18:30:00,2026-02-13 19:00:00,0.5,1.41,未計量用電偏低,76.5,2.57
模型警報,SCCP-SP-07,2026-02-12 09:45:00,2026-02-12 10:00:00,0.25,1.51,未計量用電偏高,60.0,2.48
模型警報,SCCP-SP-02,2026-02-18 10:30:00,2026-02-18 10:45:00,0.25,1.98,未計量用電偏高,22.0,2.44
模型警報,SCCP-SP-10,2026-02-17 14:00:00,2026-02-17 15:45:00,1.75,1.83,數位看板偏高,30.0,2.42
模型警報,SCCP-SP-10,2026-02-18 01:45:00,2026-02-18 06:00:00,4.25,2.37,路燈迴路偏高,1.5,2.4
模型警報,SCCP-SP-07,2026-02-11 13:45:00,2026-02-11 14:15:00,0.5,1.24,數位看板偏低,85.5,2.37
模型警報,SCCP-SP-08,2026-02-28 08:30:00,2026-02-28 08:45:00,0.25,2.02,未計量用電偏高,16.0,2.36
模型警報,SCCP-SP-10,2026-02-17 04:00:00,2026-02-17 06:00:00,2.0,2.34,路燈迴路偏高,,2.34
模型警報,SCCP-SP-08,2026-02-17 14:45:00,2026-02-17 15:15:00,0.5,1.17,數位看板偏高,167.5,2.34
模型警報,SCCP-SP-08,2026-02-12 16:15:00,2026-02-12 17:00:00,0.5,1.16,未計量用電偏高,122.0,2.33
模型警報,SCCP-SP-07,2026-02-27 13:15:00,2026-02-27 13:45:00,0.5,1.15,數位看板偏高,189.5,2.31
模型警報,SCCP-SP-10,2026-02-17 17:30:00,2026-02-17 20:30:00,2.5,2.1,路燈迴路偏高,7.6,2.27
模型警報,SCCP-SP-02,2026-02-23 12:45:00,2026-02-23 13:00:00,0.25,1.61,數位看板偏高,37.0,2.24
模型警報,SCCP-SP-07,2026-02-13 14:00:00,2026-02-13 14:15:00,0.25,1.19,未計量用電偏高,76.0,2.16
模型警報,SCCP-SP-02,2026-02-12 09:30:00,2026-02-12 11:45:00,2.0,1.72,未計量用電偏高,22.1,2.12
模型警報,SCCP-SP-06,2026-02-14 17:15:00,2026-02-14 17:30:00,0.25,1.06,數位看板偏高,178.0,2.12
模型警報,SCCP-SP-07,2026-02-14 15:30:00,2026-02-14 15:45:00,0.25,1.03,數位看板偏高,123.0,2.06
模型警報,SCCP-SP-07,2026-02-28 11:45:00,2026-02-28 12:00:00,0.25,1.07,數位看板偏高,87.0,2.06
模型警報,SCCP-SP-02,2026-02-28 14:30:00,2026-02-28 14:45:00,0.25,1.03,未計量用電偏高,136.0,2.06
模型警報,SCCP-SP-07,2026-02-26 12:00:00,2026-02-26 12:15:00,0.25,1.02,數位看板偏高,93.0,2.03
模型警報,SCCP-SP-08,2026-02-27 16:00:00,2026-02-27 16:15:00,0.25,1.01,總功率偏高,299.0,2.02
模型警報,SCCP-SP-01,2026-02-26 20:00:00,2026-02-26 21:15:00,1.0,1.36,未計量用電偏低,38.5,1.91
模型警報,SCCP-SP-07,2026-02-24 14:15:00,2026-02-24 14:30:00,0.25,1.33,未計量用電偏高,37.0,1.86
模型警報,SCCP-SP-07,2026-02-24 11:45:00,2026-02-24 12:00:00,0.25,1.17,未計量用電偏高,51.0,1.81
模型警報,SCCP-SP-01,2026-02-26 22:15:00,2026-02-26 22:30:00,0.25,1.38,未計量用電偏低,29.0,1.8
模型警報,SCCP-SP-10,2026-02-22 01:00:00,2026-02-22 01:45:00,0.5,1.73,未計量用電偏高,1.0,1.75
模型警報,SCCP-SP-06,2026-02-27 05:15:00,2026-02-27 05:30:00,0.25,1.69,未計量用電偏高,,1.69
模型警報,SCCP-SP-10,2026-02-28 17:00:00,2026-02-28 18:00:00,1.0,1.19,燈控與路燈功率落差偏高,39.5,1.69
模型警報,SCCP-SP-07,2026-02-16 13:30:00,2026-02-16 13:45:00,0.25,1.37,總功率偏高,21.0,1.68
模型警報,SCCP-SP-01,2026-02-24 16:30:00,2026-02-24 16:45:00,0.25,1.0,數位看板偏高,62.0,1.66
模型警報,SCCP-SP-02,2026-02-27 10:45:00,2026-02-27 11:30:00,0.5,1.33,數位看板偏高,21.0,1.63
模型警報,SCCP-SP-01,2026-02-15 22:00:00,2026-02-15 22:15:00,0.25,1.12,未計量用電偏低,42.0,1.62
模型警報,SCCP-SP-07,2026-02-28 11:00:00,2026-02-28 11:15:00,0.25,1.01,數位看板偏高,56.0,1.62
模型警報,SCCP-SP-10,2026-02-18 21:00:00,2026-02-18 21:15:00,0.25,1.52,未計量用電偏高,6.0,1.61
模型警報,SCCP-SP-01,2026-02-26 23:00:00,2026-02-26 23:45:00,0.75,1.39,未計量用電偏低,14.0,1.59
模型警報,SCCP-SP-10,2026-02-18 00:45:00,2026-02-18 01:15:00,0.5,1.57,未計量用電偏高,,1.57
模型警報,SCCP-SP-10,2026-02-18 22:00:00,2026-02-18 22:30:00,0.5,1.51,未計量用電偏高,3.5,1.57
模型警報,SCCP-SP-02,2026-02-19 02:45:00,2026-02-19 04:00:00,1.25,1.52,未計量用電偏高,2.0,1.56
模型警報,SCCP-SP-07,2026-02-26 09:15:00,2026-02-26 11:00:00,1.5,1.22,數位看板偏高,26.0,1.55
模型警報,SCCP-SP-10,2026-02-25 15:45:00,2026-02-25 16:00:00,0.25,1.14,總功率偏高,31.0,1.51
模型警報,SCCP-SP-10,2026-02-20 17:00:00,2026-02-20 17:30:00,0.5,1.18,燈控與路燈功率落差偏高,25.5,1.5
模型警報,SCCP-SP-02,2026-02-16 10:15:00,2026-02-16 10:45:00,0.5,1.25,未計量用電偏高,17.5,1.48
模型警報,SCCP-SP-10,2026-02-25 10:15:00,2026-02-25 10:30:00,0.25,1.09,總功率偏低,32.0,1.47
模型警報,SCCP-SP-10,2026-02-24 16:30:00,2026-02-24 16:45:00,0.25,1.07,數位看板偏高,34.0,1.45
模型警報,SCCP-SP-10,2026-02-22 17:30:00,2026-02-22 18:00:00,0.5,1.17,攝影機偏高,22.0,1.44
模型警報,SCCP-SP-06,2026-02-18 06:30:00,2026-02-18 07:15:00,0.75,1.36,總功率偏低,4.3,1.42
模型警報,SCCP-SP-10,2026-02-22 04:15:00,2026-02-22 04:30:00,0.25,1.42,未計量用電偏高,,1.42
模型警報,SCCP-SP-02,2026-02-20 03:45:00,2026-02-20 04:00:00,0.25,1.41,未計量用電偏高,,1.41
模型警報,SCCP-SP-02,2026-02-16 11:30:00,2026-02-16 12:15:00,0.5,1.2,總功率偏高,16.0,1.4
模型警報,SCCP-SP-02,2026-02-18 00:15:00,2026-02-18 01:15:00,0.75,1.34,未計量用電偏高,3.0,1.38
模型警報,SCCP-SP-02,2026-02-18 02:15:00,2026-02-18 02:30:00,0.25,1.38,未計量用電偏高,,1.38
模型警報,SCCP-SP-02,2026-02-18 03:00:00,2026-02-18 03:45:00,0.5,1.37,未計量用電偏高,,1.37
模型警報,SCCP-SP-10,2026-02-21 19:00:00,2026-02-21 19:30:00,0.5,1.18,未計量用電偏高,15.0,1.37
模型警報,SCCP-SP-01,2026-02-18 07:00:00,2026-02-18 07:30:00,0.5,1.25,總功率偏低,8.0,1.36
模型警報,SCCP-SP-07,2026-02-09 00:00:00,2026-02-09 00:30:00,0.5,1.31,未計量用電偏高,3.0,1.35
模型警報,SCCP-SP-10,2026-02-20 19:00:00,2026-02-20 19:15:00,0.25,1.27,未計量用電偏高,4.0,1.33
模型警報,SCCP-SP-10,2026-02-21 01:45:00,2026-02-21 02:00:00,0.25,1.32,未計量用電偏高,1.0,1.33
模型警報,SCCP-SP-07,2026-02-10 09:00:00,2026-02-10 09:15:00,0.25,1.1,數位看板偏高,19.0,1.32
模型警報,SCCP-SP-02,2026-02-14 04:00:00,2026-02-14 05:00:00,0.75,1.31,未計量用電偏高,,1.31
模型警報,SCCP-SP-02,2026-02-19 00:45:00,2026-02-19 02:15:00,1.0,1.29,未計量用電偏高,1.0,1.3
模型警報,SCCP-SP-02,2026-02-09 07:30:00,2026-02-09 07:45:00,0.25,1.18,數位看板偏高,8.0,1.28
模型警報,SCCP-SP-05,2026-02-11 22:30:00,2026-02-11 22:45:00,0.25,1.26,未計量用電偏高,2.0,1.28
模型警報,SCCP-SP-05,2026-02-12 17:00:00,2026-02-12 17:15:00,0.25,1.19,總功率偏高,7.0,1.28
模型警報,SCCP-SP-08,2026-02-25 10:15:00,2026-02-25 10:45:00,0.5,1.06,數位看板偏低,20.0,1.28
模型警報,SCCP-SP-04,2026-02-11 17:15:00,2026-02-11 17:30:00,0.25,1.16,未計量用電偏低,9.0,1.27
模型警報,SCCP-SP-04,2026-02-09 00:00:00,2026-02-09 00:15:00,0.25,1.26,網路設備偏低,,1.26
模型警報,SCCP-SP-10,2026-02-18 00:00:00,2026-02-18 00:15:00,0.25,1.19,未計量用電偏高,4.0,1.25
模型警報,SCCP-SP-01,2026-02-26 07:30:00,2026-02-26 07:45:00,0.25,1.06,數位看板偏高,16.0,1.24
模型警報,SCCP-SP-02,2026-02-17 01:45:00,2026-02-17 02:00:00,0.25,1.22,未計量用電偏高,,1.22
模型警報,SCCP-SP-01,2026-02-19 07:15:00,2026-02-19 07:45:00,0.5,1.09,總功率偏低,10.5,1.21
模型警報,SCCP-SP-02,2026-02-24 08:00:00,2026-02-24 08:15:00,0.25,1.12,總功率偏低,8.0,1.21
模型警報,SCCP-SP-02,2026-02-16 02:45:00,2026-02-16 03:00:00,0.25,1.17,未計量用電偏高,2.0,1.2
模型警報,SCCP-SP-02,2026-02-24 11:45:00,2026-02-24 12:00:00,0.25,1.02,未計量用電偏高,16.0,1.2
模型警報,SCCP-SP-02,2026-02-10 01:45:00,2026-02-10 02:00:00,0.25,1.19,未計量用電偏高,,1.19
模型警報,SCCP-SP-01,2026-02-25 00:15:00,2026-02-25 00:30:00,0.25,1.17,未計量用電偏低,1.0,1.19
模型警報,SCCP-SP-10,2026-02-14 17:30:00,2026-02-14 17:45:00,0.25,1.01,攝影機偏高,16.0,1.18
模型警報,SCCP-SP-02,2026-02-17 00:00:00,2026-02-17 00:15:00,0.25,1.18,未計量用電偏高,,1.18
模型警報,SCCP-SP-10,2026-02-22 05:15:00,2026-02-22 05:30:00,0.25,1.18,未計量用電偏高,,1.18
模型警報,SCCP-SP-10,2026-02-28 22:45:00,2026-02-28 23:00:00,0.25,1.05,攝影機偏高,11.0,1.18
模型警報,SCCP-SP-01,2026-02-24 04:45:00,2026-02-24 05:00:00,0.25,1.17,未計量用電偏低,,1.17
模型警報,SCCP-SP-02,2026-02-17 22:15:00,2026-02-17 23:15:00,0.75,1.12,未計量用電偏高,4.0,1.16
模型警報,SCCP-SP-10,2026-02-28 02:15:00,2026-02-28 02:30:00,0.25,1.16,未計量用電偏高,,1.16
模型警報,SCCP-SP-02,2026-02-17 04:45:00,2026-02-17 05:00:00,0.25,1.11,未計量用電偏高,2.0,1.13
模型警報,SCCP-SP-07,2026-02-28 00:30:00,2026-02-28 00:45:00,0.25,1.08,未計量用電偏高,4.0,1.13
模型警報,SCCP-SP-01,2026-02-17 08:30:00,2026-02-17 08:45:00,0.25,1.11,未計量用電偏高,1.0,1.12
模型警報,SCCP-SP-10,2026-02-20 20:00:00,2026-02-20 20:15:00,0.25,1.03,未計量用電偏高,8.0,1.11
模型警報,SCCP-SP-02,2026-02-15 02:30:00,2026-02-15 02:45:00,0.25,1.08,未計量用電偏高,1.0,1.09
模型警報,SCCP-SP-02,2026-02-17 02:30:00,2026-02-17 03:15:00,0.5,1.09,未計量用電偏高,,1.09
模型警報,SCCP-SP-02,2026-02-21 02:30:00,2026-02-21 03:00:00,0.5,1.09,未計量用電偏高,,1.09
模型警報,SCCP-SP-02,2026-02-22 02:45:00,2026-02-22 03:00:00,0.25,1.07,未計量用電偏高,2.0,1.09
模型警報,SCCP-SP-10,2026-02-22 02:45:00,2026-02-22 03:00:00,0.25,1.07,未計量用電偏高,1.0,1.08
模型警報,SCCP-SP-02,2026-02-22 02:00:00,2026-02-22 02:15:00,0.25,1.02,未計量用電偏高,1.0,1.03
模型警報,SCCP-SP-08,2026-02-27 00:00:00,2026-02-27 00:15:00,0.25,1.02,未計量用電偏高,1.0,1.03
模型警報,SCCP-SP-01,2026-02-27 01:00:00,2026-02-27 01:15:00,0.25,1.03,未計量用電偏低,,1.03
模型警報,SCCP-SP-01,2026-02-12 02:00:00,2026-02-12 02:15:00,0.25,1.02,未計量用電偏低,,1.02
模型警報,SCCP-SP-04,2026-02-09 01:00:00,2026-02-09 01:15:00,0.25,1.0,網路設備偏低,,1.0
全區同步異常,SP-02、SP-07、SP-08,2026-02-10 14:45:00,2026-02-10 16:30:00,1.75,1.69,數位看板偏高,,
全區同步異常,SP-05、SP-06、SP-09,2026-02-10 16:45:00,2026-02-10 17:30:00,0.75,1.73,數位看板偏高,,
全區同步異常,SP-05、SP-06、SP-07、SP-08,2026-02-11 01:30:00,2026-02-11 06:30:00,5.0,2.76,路燈迴路偏高,,
全區同步異常,SP-01、SP-02、SP-07、SP-08、SP-09,2026-02-11 07:15:00,2026-02-11 10:45:00,3.5,3.4,數位看板偏高,,
全區同步異常,SP-01、SP-02、SP-06、SP-07、SP-08,2026-02-12 06:45:00,2026-02-12 09:00:00,2.25,1.94,數位看板偏高,,
全區同步異常,SP-02、SP-06、SP-07,2026-02-13 06:45:00,2026-02-13 12:00:00,5.25,8.99,數位看板偏高,,
全區同步異常,SP-02、SP-07、SP-08、SP-10,2026-02-13 14:45:00,2026-02-13 16:30:00,1.75,3.39,數位看板偏高,,
全區同步異常,SP-05、SP-06、SP-09,2026-02-13 17:00:00,2026-02-13 17:30:00,0.5,1.46,數位看板偏高,,
全區同步異常,SP-02、SP-04、SP-07,2026-02-14 05:45:00,2026-02-14 10:30:00,4.75,3.58,數位看板偏高,,
全區同步異常,SP-02、SP-06、SP-07,2026-02-15 04:30:00,2026-02-15 10:30:00,6.0,4.91,數位看板偏高,,
全區同步異常,SP-05、SP-06、SP-09,2026-02-15 17:00:00,2026-02-15 17:30:00,0.5,1.45,數位看板偏高,,
全區同步異常,SP-01、SP-05、SP-06、SP-10,2026-02-17 06:30:00,2026-02-17 08:00:00,1.5,1.74,總功率偏低,,
全區同步異常,SP-02、SP-07、SP-08、SP-10,2026-02-19 13:30:00,2026-02-19 16:00:00,2.5,3.83,總功率偏高,,
全區同步異常,SP-01、SP-05、SP-06、SP-08、SP-09、SP-10,2026-02-20 06:30:00,2026-02-20 08:15:00,1.75,1.94,總功率偏低,,
全區同步異常,SP-01、SP-02、SP-04、SP-05、SP-06、SP-07、SP-08、SP-09、SP-10,2026-02-21 05:30:00,2026-02-21 18:00:00,12.5,5.0,數位看板偏高,,
全區同步異常,SP-02、SP-06、SP-07,2026-02-22 06:00:00,2026-02-22 10:45:00,4.75,3.8,數位看板偏高,,
全區同步異常,SP-02、SP-07、SP-08、SP-10,2026-02-23 14:45:00,2026-02-23 16:15:00,1.5,3.15,數位看板偏高,,
全區同步異常,SP-05、SP-06、SP-09,2026-02-23 16:45:00,2026-02-23 17:45:00,1.0,2.19,數位看板偏高,,
全區同步異常,SP-02、SP-07、SP-08、SP-10,2026-02-26 08:15:00,2026-02-26 08:45:00,0.5,1.58,數位看板偏高,,
全區同步異常,SP-01、SP-05、SP-08、SP-09、SP-10,2026-02-27 06:45:00,2026-02-27 09:00:00,2.25,1.77,總功率偏低,,
電表斷訊,SCCP-SP-10,2026-02-09 00:00:00,2026-02-13 13:45:00,109.75,,,,
電表斷訊,SCCP-SP-06,2026-02-27 06:45:00,2026-03-01 00:00:00,41.25,,,,
