group,config,eval_set,auroc_mean,auroc_std,event_recall_mean,event_recall_std,fpr_mean,fpr_std,fa_per_pole_week_mean,fa_per_pole_week_std
G0,pca,A_test,0.8574442086576232,0.0,0.90625,0.0,0.0463794135248354,0.0,13.88,0.0
G0,pca,A_val,0.9008087503978924,0.0,0.875,0.0,0.0248594258656407,0.0,7.694214876033058,0.0
G0,pca,B_test,0.5580846202807114,0.0,0.4444444444444444,0.0,0.0091070731601543,0.0,4.321969696969697,0.0
G0,pca,B_val,0.5693376080007839,0.0,0.3055555555555556,0.0,0.015591627509611202,0.0,6.333333333333333,0.0
G0,stat,A_test,0.9849206038063903,0.0,1.0,0.0,0.0437612208258527,0.0,8.96,0.0
G0,stat,A_val,0.9928590328788872,0.0,1.0,0.0,0.0091743119266055,0.0,3.644628099173554,0.0
G0,stat,B_test,0.789802967181639,0.0,0.5555555555555556,0.0,0.0117958280931523,0.0,3.393939393939394,0.0
G0,stat,B_val,0.7926282480289116,0.0,0.5277777777777778,0.0,0.0117471166168304,0.0,2.7777777777777772,0.0
G2,lstm|b_only|lam0.5|full|w96,B_test,0.7129569386479148,0.02580263151782121,0.3888888888888889,0.02777777777777779,0.009193807190251067,0.0020652900645805458,1.8383838383838382,0.49273494471396156
G2,lstm|b_only|lam0.5|full|w96,B_val,0.7136377347421975,0.007813120940077993,0.4444444444444444,0.027777777777777776,0.012387868432293834,0.0006407518154634502,2.185185185185185,0.16972502573910506
G2,lstm|ft_decoder|lam0.5|full|w96,A_test,0.9773499479235093,0.0030617071716953484,0.920138888888889,0.012028130608117232,0.09131258727308994,0.023299163184558422,9.586666666666666,0.48880807412862326
G2,lstm|ft_decoder|lam0.5|full|w96,A_val,0.9863738696580092,0.0011065385902514963,0.875,0.0,0.0457071454407944,0.010056505318728747,6.59504132231405,1.9711913266414174
G2,lstm|ft_decoder|lam0.5|full|w96,B_test,0.7107050114297117,0.009500905474738044,0.40277777777777785,0.013888888888888881,0.007560316290096367,0.0027349886329345783,1.378787878787879,0.39059257211588494
G2,lstm|ft_decoder|lam0.5|full|w96,B_val,0.7093489777964499,0.00576695260269547,0.4537037037037037,0.01603750747748961,0.014238929232521666,0.0036330203110275378,2.5185185185185186,0.27962349760262034
G2,lstm|ft_pole|lam0.5|full|w96,A_test,0.9765687757165148,0.00346885814065784,0.9166666666666666,0.010416666666666699,0.09265908637542386,0.017500225389278864,9.533333333333333,0.7614022152143588
G2,lstm|ft_pole|lam0.5|full|w96,A_val,0.9864203476414758,0.0009981183999356236,0.875,0.0,0.04363552661865767,0.011028062794022348,6.112947658402205,1.6730247778204717
G2,lstm|ft_pole|lam0.5|full|w96,B_test,0.7416747511721878,0.004231233455816219,0.4305555555555556,0.013888888888888881,0.008225277187504466,0.0018298276774097746,1.7765151515151514,0.2952602313621983
G2,lstm|ft_pole|lam0.5|full|w96,B_val,0.7321548537990722,0.008505912620085071,0.47222222222222215,0.02777777777777779,0.012459063078456433,0.001009358314022334,2.259259259259259,0.33945005147821067
G2,lstm|joint|lam0.5|full|w96,A_test,0.9760301479189644,0.0028710501629397867,0.9375,0.01041666666666663,0.10891681627767803,0.01816542004453375,10.986666666666666,1.3202020047452336
G2,lstm|joint|lam0.5|full|w96,A_val,0.9886009062135237,0.001827774928944193,0.9027777777777778,0.01202813060811716,0.04781164710137777,0.019593426300561056,5.997245179063362,0.47117103063412863
G2,lstm|joint|lam0.5|full|w96,B_test,0.7271328924125293,0.007240611616996778,0.4444444444444444,0.0,0.011535626002862199,0.002554239875558747,2.0593434343434343,0.3163351292353864
G2,lstm|joint|lam0.5|full|w96,B_val,0.7227765869307977,0.007109110590444765,0.48148148148148145,0.01603750747748961,0.012530257724619067,0.0004932509775221048,2.407407407407407,0.1283000598199173
G2,lstm|no_update|lam0.5|full|w96,A_test,0.9775555409141149,0.002899887122502183,0.9340277777777777,0.015911721163041133,0.09642429682824649,0.020846591311681102,10.213333333333333,0.15143755588800806
G2,lstm|no_update|lam0.5|full|w96,A_val,0.9891061812748955,0.0006492778872643974,0.9166666666666666,0.0,0.046068856663707136,0.009496937197639332,6.59504132231405,1.6125870917911485
G2,lstm|no_update|lam0.5|full|w96,B_test,0.6569594683770371,0.013478846952268388,0.34722222222222227,0.03674654598700818,0.004351157176518167,0.00047769378960806893,1.1489898989898988,0.14603406754167692
G2,lstm|no_update|lam0.5|full|w96,B_val,0.6704785155478646,0.007711309018139025,0.47222222222222215,0.048112522432468836,0.0115335326783425,0.0008543357539513002,2.7407407407407405,0.16972502573910486
G2,transformer|b_only|lam0.5|full|w96,B_test,0.7486954360303711,0.016080385689432042,0.47222222222222215,0.024056261216234425,0.015279644968703432,0.0012005172064121843,3.7474747474747474,0.3196514879802422
G2,transformer|b_only|lam0.5|full|w96,B_val,0.675841489763448,0.011981457831024818,0.5092592592592592,0.016037507477489596,0.021927951018083397,0.00024662548876102524,3.7777777777777772,0.44444444444444464
G2,transformer|ft_decoder|lam0.5|full|w96,A_test,0.9312914121722579,0.006723728359745597,0.920138888888889,0.01202813060811724,0.24134749650907636,0.02723016309747545,10.893333333333333,0.48880807412862354
G2,transformer|ft_decoder|lam0.5|full|w96,A_val,0.9651459324966897,0.004006544648443364,0.9097222222222222,0.01202813060811716,0.18161191674065302,0.020085816432160897,8.619834710743802,0.30611998640416765
G2,transformer|ft_decoder|lam0.5|full|w96,B_test,0.7467625503181866,0.013087889262555098,0.5462962962962963,0.05258248468333585,0.024834843951024133,0.0034040574674384077,5.886363636363636,0.41333030635166423
G2,transformer|ft_decoder|lam0.5|full|w96,B_val,0.6907242662308316,0.017028784691469543,0.5648148148148149,0.016037507477489565,0.02399259575679907,0.001617231481076552,5.037037037037037,0.9251848886516145
G2,transformer|ft_pole|lam0.5|full|w96,A_test,0.9319188409703022,0.006988984431010942,0.9270833333333334,0.010416666666666727,0.24862856572910427,0.02545282293467527,11.840000000000002,0.6235382907247962
G2,transformer|ft_pole|lam0.5|full|w96,A_val,0.96588426718697,0.004331545674972236,0.9097222222222223,0.024056261216234387,0.1846371378777416,0.021119615776710322,8.831955922865014,0.24085391729360173
G2,transformer|ft_pole|lam0.5|full|w96,B_test,0.7426161650461349,0.023174580217266764,0.5787037037037037,0.008018753738744838,0.020353585729360867,0.001155007262843902,5.267676767676767,0.2255087266545745
G2,transformer|ft_pole|lam0.5|full|w96,B_val,0.6879730788172765,0.008536344688212072,0.5462962962962963,0.03207501495497922,0.026555603018652934,0.0013050194204630011,4.777777777777778,0.6938886664887106
G2,transformer|joint|lam0.5|full|w96,A_test,0.9348363550683202,0.008305378700386473,0.9409722222222222,0.00601406530405858,0.24187113504887292,0.03234690174022134,12.280000000000001,0.8313843876330607
G2,transformer|joint|lam0.5|full|w96,A_val,0.969542745267857,0.007146246546054433,0.923611111111111,0.01202813060811724,0.17927723521094338,0.029157493022769414,9.121212121212123,1.0289283857154676
G2,transformer|joint|lam0.5|full|w96,B_test,0.7300382710216707,0.010803025132213262,0.5694444444444445,0.013888888888888853,0.023837402604912,0.0019347392350903163,6.142676767676767,0.5410217252506072
G2,transformer|joint|lam0.5|full|w96,B_val,0.6617444694995518,0.020835263074030833,0.5277777777777778,0.0,0.0284778584650434,0.004399690888645986,5.518518518518519,0.6697459748157452
G2,transformer|no_update|lam0.5|full|w96,A_test,0.9314135125127675,0.006890295201300563,0.9375,0.01041666666666663,0.24788051067225214,0.025665193762851743,12.159999999999998,0.9015542135667709
G2,transformer|no_update|lam0.5|full|w96,A_val,0.966151727667234,0.004554443455069382,0.9097222222222222,0.01202813060811716,0.18697181940745122,0.020191963923173295,9.217630853994491,0.3289560737317461
G2,transformer|no_update|lam0.5|full|w96,B_test,0.6343224703859728,0.011653107090794753,0.3888888888888889,0.024056261216234418,0.007704873006924201,0.0031098514410706894,2.6161616161616164,0.7036930055330366
G2,transformer|no_update|lam0.5|full|w96,B_val,0.5716997332175433,0.029270785413547513,0.5092592592592592,0.05782405554072597,0.012245479139968601,0.0006525097102315223,3.8518518518518516,0.12830005981991688
G3,lstm|ft_pole|lam0.0|full|w96,A_test,0.975343341784956,0.003954753882612363,0.9236111111111112,0.024056261216234394,0.10108717334929179,0.024661928004368894,9.853333333333333,0.18903262505010435
G3,lstm|ft_pole|lam0.0|full|w96,A_val,0.985617095575633,0.0011732794927665825,0.875,0.0,0.04698957614021237,0.01981935174923937,6.228650137741048,0.5558939236242262
G3,lstm|ft_pole|lam0.0|full|w96,B_test,0.7256334453184824,0.016086107746863736,0.4351851851851852,0.00801875373874477,0.009714211370831267,0.0019389469539969652,1.9356060606060606,0.26114395686580577
G3,lstm|ft_pole|lam0.0|full|w96,B_val,0.7223414670281262,0.009114222182246752,0.49074074074074076,0.01603750747748961,0.012387868432293865,0.0011891850411854053,2.1481481481481484,0.39020939825380535
G3,lstm|ft_pole|lam1.0|full|w96,A_test,0.9761892493664596,0.0027030728135668124,0.9236111111111112,0.01591172116304111,0.09108817075603422,0.007987859724395356,10.040000000000001,0.06928203230275541
G3,lstm|ft_pole|lam1.0|full|w96,A_val,0.985430112103244,0.001867910574239017,0.8819444444444445,0.012028130608117225,0.05343461247574883,0.019117546095221885,5.746556473829202,0.23380300157265838
G3,lstm|ft_pole|lam1.0|full|w96,B_test,0.7395740414201836,0.009919502808405355,0.4305555555555556,0.024056261216234387,0.007357936886537367,0.0010411094774292818,1.6174242424242422,0.09185117918925867
G3,lstm|ft_pole|lam1.0|full|w96,B_val,0.7266223786867779,0.011550109524462868,0.4537037037037037,0.01603750747748962,0.012672647016944266,0.0016590033031085149,2.3333333333333335,0.19245008972987535
G3,transformer|ft_pole|lam0.0|full|w96,A_test,0.933942175451763,0.007065845040942579,0.9305555555555557,0.006014065304058565,0.23960203470975464,0.029345218792469444,11.799999999999999,0.940638081304388
G3,transformer|ft_pole|lam0.0|full|w96,A_val,0.9664930350107577,0.004321038099168859,0.9097222222222222,0.01202813060811716,0.18197362796356578,0.01633946224044022,8.793388429752069,0.6039846740692062
G3,transformer|ft_pole|lam0.0|full|w96,B_test,0.7406008169078583,0.026531953283124916,0.5601851851851852,0.008018753738744782,0.020743888864796067,0.0011942344740201308,5.391414141414141,0.25478471499443706
G3,transformer|ft_pole|lam0.0|full|w96,B_val,0.6834762349709385,0.02403266802508701,0.5555555555555556,0.0,0.028121885234230367,0.0037625545384376595,5.0,0.19245008972987515
G3,transformer|ft_pole|lam1.0|full|w96,A_test,0.9308162112946722,0.008256099172053128,0.9201388888888888,0.015911721163041112,0.2525932575304209,0.019373663200729415,10.933333333333332,1.2926458653990793
G3,transformer|ft_pole|lam1.0|full|w96,A_val,0.9648522416463137,0.0046012633859244005,0.8958333333333334,0.0208333333333333,0.18937226661405412,0.018038477398008467,9.275482093663912,0.5249289428193576
G3,transformer|ft_pole|lam1.0|full|w96,B_test,0.7577199226094073,0.021046157456292645,0.5324074074074073,0.016037507477489603,0.018777917515937336,0.002384791549480442,4.737373737373737,0.7956018382148957
G3,transformer|ft_pole|lam1.0|full|w96,B_val,0.6948486457326655,0.00757999001581802,0.5277777777777778,0.02777777777777779,0.025701267264701635,0.0026875389560268746,4.333333333333333,0.5879447357921314
G4,lstm|ft_pole|lam0.5|no_light|w96,A_test,0.9769646991551623,0.0013553245000806084,0.9236111111111112,0.006014065304058637,0.09582585278276477,0.01289001103222743,12.946666666666667,1.5096136371049822
G4,lstm|ft_pole|lam0.5|no_light|w96,A_val,0.9839531971617713,0.0009783405111216442,0.875,0.0,0.05323731544506916,0.016992857014169978,6.961432506887053,2.012635676296947
G4,lstm|ft_pole|lam0.5|no_light|w96,B_test,0.736543544744646,0.008019509224917835,0.4444444444444444,0.02777777777777775,0.012287320930367001,0.0007590260111207543,2.1565656565656566,0.10715970905413512
G4,lstm|ft_pole|lam0.5|no_light|w96,B_val,0.7362865982643022,0.01008845185615325,0.5,0.048112522432468836,0.0138829560017086,0.0007700878418334068,2.259259259259259,0.46259244432580743
G4,lstm|ft_pole|lam0.5|none|w96,A_test,0.973391922615282,0.002744176487447549,0.923611111111111,0.012028130608117232,0.16307600239377615,0.027284635248464195,14.546666666666667,1.0861552989022025
G4,lstm|ft_pole|lam0.5|none|w96,A_val,0.9820115247093546,0.002590968014166632,0.9027777777777778,0.01202813060811716,0.13271513597053694,0.03414682889202063,12.303030303030305,0.6779546601582849
G4,lstm|ft_pole|lam0.5|none|w96,B_test,0.7503906487561833,0.004188770734844458,0.5925925925925927,0.01603750747748965,0.028636685603596567,0.007621539552368785,5.311868686868687,0.7165634869240664
G4,lstm|ft_pole|lam0.5|none|w96,B_val,0.7410042842739246,0.0039451425028351065,0.5925925925925927,0.016037507477489603,0.02897622098818167,0.006721392997370282,4.703703703703703,0.25660011963983376
G4,transformer|ft_pole|lam0.5|no_light|w96,A_test,0.9343434817730295,0.005958896896062745,0.9270833333333334,0.02755990949025619,0.24820466786355475,0.020062942612907846,10.426666666666668,0.8431686268673254
G4,transformer|ft_pole|lam0.5|no_light|w96,A_val,0.9660712394974995,0.002915980356807075,0.9166666666666666,0.0,0.18999704054453978,0.011916887644967518,9.641873278236915,2.51259151774707
G4,transformer|ft_pole|lam0.5|no_light|w96,B_test,0.7480563295782545,0.028499491980556495,0.5462962962962963,0.03495293720032759,0.021582317822397567,0.004440903744347152,5.5770202020202015,1.0872289919471962
G4,transformer|ft_pole|lam0.5|no_light|w96,B_val,0.6941593812235275,0.013359650405542609,0.5370370370370371,0.01603750747748965,0.0280506905880677,0.00341956712473951,5.0740740740740735,0.44905020936970846
G4,transformer|ft_pole|lam0.5|none|w96,A_test,0.927967374497512,0.00701456114534282,0.9513888888888888,0.006014065304058637,0.2687263115898663,0.013493290406979792,12.146666666666667,0.2602562839459082
G4,transformer|ft_pole|lam0.5|none|w96,A_val,0.9631563979902135,0.0032468794114407437,0.9305555555555555,0.012028130608117225,0.2213343855841636,0.007052046510810421,10.606060606060607,1.2836371866060414
G4,transformer|ft_pole|lam0.5|none|w96,B_test,0.7158118901832285,0.014977340629969091,0.6064814814814815,0.0212156282173881,0.025976842013964135,0.00042711556449962754,6.460858585858586,0.3619423399144015
G4,transformer|ft_pole|lam0.5|none|w96,B_val,0.6689502589585173,0.0330044221602487,0.5462962962962963,0.016037507477489596,0.040153780435711196,0.003080351367333597,5.814814814814814,0.3571722504071468
G5,lstm|ft_pole|lam0.5|full|w192,A_test,0.9651988605779075,0.007667674640348133,0.9270833333333334,0.010416666666666657,0.1767654099341711,0.058542322288324136,13.986666666666666,1.4698752781557125
G5,lstm|ft_pole|lam0.5|full|w192,A_val,0.9871804479580194,0.0003540451203722641,0.8888888888888888,0.0240562612162344,0.02035447699845443,0.0026695923836499652,4.589531680440772,0.37193143430826836
G5,lstm|ft_pole|lam0.5|full|w192,B_test,0.696261470028527,0.01652225459038395,0.39814814814814814,0.04243125643477629,0.006346039868742467,0.0019732388976842585,1.2815656565656566,0.22860510124909827
G5,lstm|ft_pole|lam0.5|full|w192,B_val,0.7233537225406946,0.0010017192822780996,0.4537037037037037,0.03207501495497922,0.0128862309554321,0.00012331274438051162,2.4814814814814814,0.35717225040714656
G5,lstm|ft_pole|lam0.5|full|w48,A_test,0.9749823822392566,0.0021309520011163962,0.9201388888888888,0.015911721163041136,0.10263315380011963,0.014303509081148757,10.586666666666666,0.6721111019268566
G5,lstm|ft_pole|lam0.5|full|w48,A_val,0.9877408402822048,0.0008322657564845796,0.8958333333333334,0.020833333333333287,0.05182335339186477,0.010717031115549922,6.980716253443528,0.6131503673228234
G5,lstm|ft_pole|lam0.5|full|w48,B_test,0.7549074757150421,0.006316389517462752,0.5370370370370371,0.044646531300893286,0.018084045275163666,0.003135348212831468,3.765151515151515,0.7466734460780382
G5,lstm|ft_pole|lam0.5|full|w48,B_val,0.7566330568163163,0.015482899580772978,0.5,0.02777777777777779,0.0143101238786843,0.0014797529325663147,3.111111111111111,0.11111111111111116
G5,transformer|ft_pole|lam0.5|full|w192,A_test,0.9413788596676208,0.010997576526578842,0.9236111111111112,0.006014065304058661,0.27433672451625774,0.04604972085246372,14.64,0.38574603043971856
G5,transformer|ft_pole|lam0.5|full|w192,A_val,0.9673063997214179,0.0034895352965244484,0.875,0.0,0.1930551445200749,0.02485316167860274,13.479338842975208,0.10020128638828259
G5,transformer|ft_pole|lam0.5|full|w192,B_test,0.7252698053137788,0.007663897919070325,0.4305555555555555,0.024056261216234387,0.012518611677291567,0.004208462891692416,2.2184343434343434,0.6761796876593239
G5,transformer|ft_pole|lam0.5|full|w192,B_val,0.7038219997220527,0.010717012087243571,0.4444444444444444,0.0481125224324688,0.0159476007404243,0.000963103321833152,2.4444444444444446,0.3333333333333333
G5,transformer|ft_pole|lam0.5|full|w48,A_test,0.9306162082206324,0.004354460725424035,0.9166666666666666,0.0,0.18706363455016953,0.009158813343627245,9.84,0.4613025037868314
G5,transformer|ft_pole|lam0.5|full|w48,A_val,0.9698682920655943,0.0030930560924840728,0.9027777777777778,0.03182344232608221,0.14757817894840683,0.00940581391483299,6.922865013774104,0.033400428796093555
G5,transformer|ft_pole|lam0.5|full|w48,B_test,0.7250334174997034,0.026898617621598505,0.6203703703703703,0.057824055540725866,0.027046561718490233,0.0011509293146197887,6.902777777777778,0.7001874557695381
G5,transformer|ft_pole|lam0.5|full|w48,B_val,0.6834584363093977,0.0327905102248374,0.5185185185185185,0.05782405554072599,0.0294033888651573,0.003732120866319575,5.296296296296297,0.3394500514782106
